"","Survived","Pclass","Sex","SibSp","Parch","Cabin","Embarked","relative","not_alone","Agerange","Faregroup"
"1",0,3,1,1,0,0,0,1,0,3,1
"2",1,1,0,1,0,3,1,1,0,4,1
"3",1,3,0,0,0,0,0,0,1,3,1
"4",1,1,0,1,0,3,0,1,0,4,1
"5",0,3,1,0,0,0,0,0,1,4,1
"6",0,3,1,0,0,0,2,0,1,3,1
"7",0,1,1,0,0,5,0,0,1,5,1
"8",0,3,1,3,1,0,0,4,0,1,1
"9",1,3,0,0,2,0,0,2,0,3,1
"10",1,2,0,1,0,0,1,1,0,2,1
"11",1,3,0,1,1,7,0,2,0,2,1
"12",1,1,0,0,0,3,0,0,1,5,1
"13",0,3,1,0,0,0,0,0,1,3,1
"14",0,3,1,1,5,0,0,6,0,4,1
"15",0,3,0,0,0,0,0,0,1,2,1
"16",1,2,0,0,0,0,0,0,1,5,1
"17",0,3,1,4,1,0,2,5,0,1,1
"18",1,2,1,0,0,0,0,0,1,3,1
"19",0,3,0,1,0,0,0,1,0,4,1
"20",1,3,0,0,0,0,1,0,1,3,1
"21",0,2,1,0,0,0,0,0,1,4,1
"22",1,2,1,0,0,4,0,0,1,4,1
"23",1,3,0,0,0,0,2,0,1,2,1
"24",1,1,1,0,0,1,0,0,1,3,1
"25",0,3,0,3,1,0,0,4,0,2,1
"26",1,3,0,1,5,0,0,6,0,4,1
"27",0,3,1,0,0,0,1,0,1,3,1
"28",0,1,1,3,2,3,0,5,0,3,4
"29",1,3,0,0,0,0,2,0,1,3,1
"30",0,3,1,0,0,0,0,0,1,3,1
"31",0,1,1,0,0,0,1,0,1,4,1
"32",1,1,0,1,0,2,1,1,0,3,2
"33",1,3,0,0,0,0,2,0,1,3,1
"34",0,2,1,0,0,0,0,0,1,6,1
"35",0,1,1,1,0,0,1,1,0,3,1
"36",0,1,1,1,0,0,0,1,0,4,1
"37",1,3,1,0,0,0,1,0,1,3,1
"38",0,3,1,0,0,0,0,0,1,3,1
"39",0,3,0,2,0,0,0,2,0,3,1
"40",1,3,0,1,0,0,1,1,0,2,1
"41",0,3,0,1,0,0,0,1,0,4,1
"42",0,2,0,1,0,0,0,1,0,3,1
"43",0,3,1,0,0,0,1,0,1,3,1
"44",1,2,0,1,2,0,1,3,0,2,1
"45",1,3,0,0,0,0,2,0,1,3,1
"46",0,3,1,0,0,0,0,0,1,3,1
"47",0,3,1,1,0,0,2,1,0,3,1
"48",1,3,0,0,0,0,2,0,1,3,1
"49",0,3,1,2,0,0,1,2,0,3,1
"50",0,3,0,1,0,0,0,1,0,3,1
"51",0,3,1,4,1,0,0,5,0,2,1
"52",0,3,1,0,0,0,0,0,1,3,1
"53",1,1,0,1,0,4,1,1,0,5,1
"54",1,2,0,1,0,0,0,1,0,3,1
"55",0,1,1,0,1,2,1,1,0,6,1
"56",1,1,1,0,0,3,0,0,1,3,1
"57",1,2,0,0,0,0,0,0,1,3,1
"58",0,3,1,0,0,0,1,0,1,3,1
"59",1,2,0,1,2,0,0,3,0,2,1
"60",0,3,1,5,2,0,0,7,0,2,1
"61",0,3,1,0,0,0,1,0,1,3,1
"62",1,1,0,0,0,2,0,0,1,4,1
"63",0,1,1,1,0,3,0,1,0,4,1
"64",0,3,1,3,2,0,0,5,0,2,1
"65",0,1,1,0,0,0,1,0,1,3,1
"66",1,3,1,1,1,0,1,2,0,3,1
"67",1,2,0,0,0,6,0,0,1,3,1
"68",0,3,1,0,0,0,0,0,1,3,1
"69",1,3,0,4,2,0,0,6,0,3,1
"70",0,3,1,2,0,0,0,2,0,3,1
"71",0,2,1,0,0,0,0,0,1,4,1
"72",0,3,0,5,2,0,0,7,0,2,1
"73",0,2,1,0,0,0,0,0,1,3,1
"74",0,3,1,1,0,0,1,1,0,3,1
"75",1,3,1,0,0,0,0,0,1,4,1
"76",0,3,1,0,0,6,0,0,1,3,1
"77",0,3,1,0,0,0,0,0,1,3,1
"78",0,3,1,0,0,0,0,0,1,3,1
"79",1,2,1,0,2,0,0,2,0,1,1
"80",1,3,0,0,0,0,0,0,1,3,1
"81",0,3,1,0,0,0,0,0,1,3,1
"82",1,3,1,0,0,0,0,0,1,3,1
"83",1,3,0,0,0,0,2,0,1,3,1
"84",0,1,1,0,0,0,0,0,1,3,1
"85",1,2,0,0,0,0,0,0,1,3,1
"86",1,3,0,3,0,0,0,3,0,4,1
"87",0,3,1,1,3,0,0,4,0,2,1
"88",0,3,1,0,0,0,0,0,1,3,1
"89",1,1,0,3,2,3,0,5,0,3,4
"90",0,3,1,0,0,0,0,0,1,3,1
"91",0,3,1,0,0,0,0,0,1,3,1
"92",0,3,1,0,0,0,0,0,1,3,1
"93",0,1,1,1,0,5,0,1,0,5,1
"94",0,3,1,1,2,0,0,3,0,3,1
"95",0,3,1,0,0,0,0,0,1,5,1
"96",0,3,1,0,0,0,0,0,1,3,1
"97",0,1,1,0,0,1,1,0,1,6,1
"98",1,1,1,0,1,4,1,1,0,3,1
"99",1,2,0,0,1,0,0,1,0,4,1
"100",0,2,1,1,0,0,0,1,0,4,1
"101",0,3,0,0,0,0,0,0,1,3,1
"102",0,3,1,0,0,0,0,0,1,3,1
"103",0,1,1,0,1,4,0,1,0,3,1
"104",0,3,1,0,0,0,0,0,1,4,1
"105",0,3,1,2,0,0,0,2,0,4,1
"106",0,3,1,0,0,0,0,0,1,3,1
"107",1,3,0,0,0,0,0,0,1,3,1
"108",1,3,1,0,0,0,0,0,1,3,1
"109",0,3,1,0,0,0,0,0,1,4,1
"110",1,3,0,1,0,0,2,1,0,3,1
"111",0,1,1,0,0,3,0,0,1,5,1
"112",0,3,0,1,0,0,1,1,0,2,1
"113",0,3,1,0,0,0,0,0,1,3,1
"114",0,3,0,1,0,0,0,1,0,3,1
"115",0,3,0,0,0,0,1,0,1,3,1
"116",0,3,1,0,0,0,0,0,1,3,1
"117",0,3,1,0,0,0,2,0,1,6,1
"118",0,2,1,1,0,0,0,1,0,3,1
"119",0,1,1,0,1,2,1,1,0,3,3
"120",0,3,0,4,2,0,0,6,0,1,1
"121",0,2,1,2,0,0,0,2,0,3,1
"122",0,3,1,0,0,0,0,0,1,3,1
"123",0,2,1,1,0,0,1,1,0,4,1
"124",1,2,0,0,0,5,0,0,1,4,1
"125",0,1,1,0,1,4,0,1,0,5,1
"126",1,3,1,1,0,0,1,1,0,2,1
"127",0,3,1,0,0,0,2,0,1,3,1
"128",1,3,1,0,0,0,0,0,1,3,1
"129",1,3,0,1,1,6,1,2,0,3,1
"130",0,3,1,0,0,0,0,0,1,4,1
"131",0,3,1,0,0,0,1,0,1,4,1
"132",0,3,1,0,0,0,0,0,1,3,1
"133",0,3,0,1,0,0,0,1,0,5,1
"134",1,2,0,1,0,0,0,1,0,3,1
"135",0,2,1,0,0,0,0,0,1,3,1
"136",0,2,1,0,0,0,1,0,1,3,1
"137",1,1,0,0,2,4,0,2,0,3,1
"138",0,1,1,1,0,3,0,1,0,4,1
"139",0,3,1,0,0,0,0,0,1,2,1
"140",0,1,1,0,0,2,1,0,1,3,1
"141",0,3,0,0,2,0,1,2,0,3,1
"142",1,3,0,0,0,0,0,0,1,3,1
"143",1,3,0,1,0,0,0,1,0,3,1
"144",0,3,1,0,0,0,2,0,1,3,1
"145",0,2,1,0,0,0,0,0,1,3,1
"146",0,2,1,1,1,0,0,2,0,3,1
"147",1,3,1,0,0,0,0,0,1,3,1
"148",0,3,0,2,2,0,0,4,0,2,1
"149",0,2,1,0,2,6,0,2,0,4,1
"150",0,2,1,0,0,0,0,0,1,4,1
"151",0,2,1,0,0,0,0,0,1,5,1
"152",1,1,0,1,0,3,0,1,0,3,1
"153",0,3,1,0,0,0,0,0,1,5,1
"154",0,3,1,0,2,0,0,2,0,4,1
"155",0,3,1,0,0,0,0,0,1,3,1
"156",0,1,1,0,1,0,1,1,0,5,1
"157",1,3,0,0,0,0,2,0,1,2,1
"158",0,3,1,0,0,0,0,0,1,3,1
"159",0,3,1,0,0,0,0,0,1,3,1
"160",0,3,1,8,2,0,0,10,0,3,1
"161",0,3,1,0,1,0,0,1,0,4,1
"162",1,2,0,0,0,0,0,0,1,4,1
"163",0,3,1,0,0,0,0,0,1,3,1
"164",0,3,1,0,0,0,0,0,1,3,1
"165",0,3,1,4,1,0,0,5,0,1,1
"166",1,3,1,0,2,0,0,2,0,2,1
"167",1,1,0,0,1,5,0,1,0,3,1
"168",0,3,0,1,4,0,0,5,0,4,1
"169",0,1,1,0,0,0,0,0,1,3,1
"170",0,3,1,0,0,0,0,0,1,3,1
"171",0,1,1,0,0,2,0,0,1,6,1
"172",0,3,1,4,1,0,2,5,0,2,1
"173",1,3,0,1,1,0,0,2,0,1,1
"174",0,3,1,0,0,0,0,0,1,3,1
"175",0,1,1,0,0,1,1,0,1,5,1
"176",0,3,1,1,1,0,0,2,0,3,1
"177",0,3,1,3,1,0,0,4,0,3,1
"178",0,1,0,0,0,3,1,0,1,5,1
"179",0,2,1,0,0,0,0,0,1,3,1
"180",0,3,1,0,0,0,0,0,1,4,1
"181",0,3,0,8,2,0,0,10,0,3,1
"182",0,2,1,0,0,0,1,0,1,3,1
"183",0,3,1,4,2,0,0,6,0,2,1
"184",1,2,1,2,1,6,0,3,0,1,1
"185",1,3,0,0,2,0,0,2,0,2,1
"186",0,1,1,0,0,1,0,0,1,3,1
"187",1,3,0,1,0,0,2,1,0,3,1
"188",1,1,1,0,0,0,0,0,1,4,1
"189",0,3,1,1,1,0,2,2,0,4,1
"190",0,3,1,0,0,0,0,0,1,4,1
"191",1,2,0,0,0,0,0,0,1,4,1
"192",0,2,1,0,0,0,0,0,1,3,1
"193",1,3,0,1,0,0,0,1,0,3,1
"194",1,2,1,1,1,6,0,2,0,2,1
"195",1,1,0,0,0,2,1,0,1,4,1
"196",1,1,0,0,0,2,1,0,1,5,2
"197",0,3,1,0,0,0,2,0,1,3,1
"198",0,3,1,0,1,0,0,1,0,4,1
"199",1,3,0,0,0,0,2,0,1,3,1
"200",0,2,0,0,0,0,0,0,1,3,1
"201",0,3,1,0,0,0,0,0,1,3,1
"202",0,3,1,8,2,0,0,10,0,3,1
"203",0,3,1,0,0,0,0,0,1,4,1
"204",0,3,1,0,0,0,1,0,1,4,1
"205",1,3,1,0,0,0,0,0,1,3,1
"206",0,3,0,0,1,7,0,1,0,1,1
"207",0,3,1,1,0,0,0,1,0,4,1
"208",1,3,1,0,0,0,1,0,1,3,1
"209",1,3,0,0,0,0,2,0,1,2,1
"210",1,1,1,0,0,1,1,0,1,4,1
"211",0,3,1,0,0,0,0,0,1,3,1
"212",1,2,0,0,0,0,0,0,1,4,1
"213",0,3,1,0,0,0,0,0,1,3,1
"214",0,2,1,0,0,0,0,0,1,3,1
"215",0,3,1,1,0,0,2,1,0,3,1
"216",1,1,0,1,0,4,1,1,0,4,2
"217",1,3,0,0,0,0,0,0,1,3,1
"218",0,2,1,1,0,0,0,1,0,4,1
"219",1,1,0,0,0,4,1,0,1,4,1
"220",0,2,1,0,0,0,0,0,1,3,1
"221",1,3,1,0,0,0,0,0,1,2,1
"222",0,2,1,0,0,0,0,0,1,3,1
"223",0,3,1,0,0,0,0,0,1,5,1
"224",0,3,1,0,0,0,0,0,1,3,1
"225",1,1,1,1,0,3,0,1,0,4,2
"226",0,3,1,0,0,0,0,0,1,3,1
"227",1,2,1,0,0,0,0,0,1,3,1
"228",0,3,1,0,0,0,0,0,1,3,1
"229",0,2,1,0,0,0,0,0,1,3,1
"230",0,3,0,3,1,0,0,4,0,3,1
"231",1,1,0,1,0,3,0,1,0,4,1
"232",0,3,1,0,0,0,0,0,1,3,1
"233",0,2,1,0,0,0,0,0,1,5,1
"234",1,3,0,4,2,0,0,6,0,2,1
"235",0,2,1,0,0,0,0,0,1,3,1
"236",0,3,0,0,0,0,0,0,1,3,1
"237",0,2,1,1,0,0,0,1,0,4,1
"238",1,2,0,0,2,0,0,2,0,2,1
"239",0,2,1,0,0,0,0,0,1,3,1
"240",0,2,1,0,0,0,0,0,1,4,1
"241",0,3,0,1,0,0,1,1,0,3,1
"242",1,3,0,1,0,0,2,1,0,3,1
"243",0,2,1,0,0,0,0,0,1,3,1
"244",0,3,1,0,0,0,0,0,1,3,1
"245",0,3,1,0,0,0,1,0,1,3,1
"246",0,1,1,2,0,3,2,2,0,4,2
"247",0,3,0,0,0,0,0,0,1,3,1
"248",1,2,0,0,2,0,0,2,0,3,1
"249",1,1,1,1,1,4,0,2,0,4,1
"250",0,2,1,1,0,0,0,1,0,5,1
"251",0,3,1,0,0,0,0,0,1,3,1
"252",0,3,0,1,1,7,0,2,0,3,1
"253",0,1,1,0,0,3,0,0,1,6,1
"254",0,3,1,1,0,0,0,1,0,3,1
"255",0,3,0,0,2,0,0,2,0,4,1
"256",1,3,0,0,2,0,1,2,0,3,1
"257",1,1,0,0,0,0,1,0,1,3,1
"258",1,1,0,0,0,2,0,0,1,3,2
"259",1,1,0,0,0,0,1,0,1,4,6
"260",1,2,0,0,1,0,0,1,0,5,1
"261",0,3,1,0,0,0,2,0,1,3,1
"262",1,3,1,4,2,0,0,6,0,2,1
"263",0,1,1,1,1,5,0,2,0,5,1
"264",0,1,1,0,0,2,0,0,1,4,1
"265",0,3,0,0,0,0,2,0,1,3,1
"266",0,2,1,0,0,0,0,0,1,4,1
"267",0,3,1,4,1,0,0,5,0,2,1
"268",1,3,1,1,0,0,0,1,0,3,1
"269",1,1,0,0,1,3,0,1,0,5,2
"270",1,1,0,0,0,3,0,0,1,4,2
"271",0,1,1,0,0,0,0,0,1,3,1
"272",1,3,1,0,0,0,0,0,1,3,1
"273",1,2,0,0,1,0,0,1,0,4,1
"274",0,1,1,0,1,3,1,1,0,4,1
"275",1,3,0,0,0,0,2,0,1,3,1
"276",1,1,0,1,0,4,0,1,0,6,1
"277",0,3,0,0,0,0,0,0,1,4,1
"278",0,2,1,0,0,0,0,0,1,3,1
"279",0,3,1,4,1,0,2,5,0,2,1
"280",1,3,0,1,1,0,0,2,0,4,1
"281",0,3,1,0,0,0,2,0,1,6,1
"282",0,3,1,0,0,0,0,0,1,3,1
"283",0,3,1,0,0,0,0,0,1,2,1
"284",1,3,1,0,0,0,0,0,1,3,1
"285",0,1,1,0,0,1,0,0,1,3,1
"286",0,3,1,0,0,0,1,0,1,4,1
"287",1,3,1,0,0,0,0,0,1,3,1
"288",0,3,1,0,0,0,0,0,1,3,1
"289",1,2,1,0,0,0,0,0,1,4,1
"290",1,3,0,0,0,0,2,0,1,3,1
"291",1,1,0,0,0,0,0,0,1,3,1
"292",1,1,0,1,0,2,1,1,0,3,2
"293",0,2,1,0,0,4,1,0,1,4,1
"294",0,3,0,0,0,0,0,0,1,3,1
"295",0,3,1,0,0,0,0,0,1,3,1
"296",0,1,1,0,0,0,1,0,1,3,1
"297",0,3,1,0,0,0,1,0,1,3,1
"298",0,1,0,1,2,3,0,3,0,1,2
"299",1,1,1,0,0,3,0,0,1,3,1
"300",1,1,0,0,1,2,1,1,0,5,3
"301",1,3,0,0,0,0,2,0,1,3,1
"302",1,3,1,2,0,0,2,2,0,3,1
"303",0,3,1,0,0,0,0,0,1,3,1
"304",1,2,0,0,0,5,2,0,1,3,1
"305",0,3,1,0,0,0,0,0,1,3,1
"306",1,1,1,1,2,3,0,3,0,1,2
"307",1,1,0,0,0,0,1,0,1,3,2
"308",1,1,0,1,0,3,1,1,0,3,2
"309",0,2,1,1,0,0,1,1,0,3,1
"310",1,1,0,0,0,5,1,0,1,3,1
"311",1,1,0,0,0,3,1,0,1,3,1
"312",1,1,0,2,2,2,1,4,0,3,4
"313",0,2,0,1,1,0,0,2,0,3,1
"314",0,3,1,0,0,0,0,0,1,3,1
"315",0,2,1,1,1,0,0,2,0,4,1
"316",1,3,0,0,0,0,0,0,1,3,1
"317",1,2,0,1,0,0,0,1,0,3,1
"318",0,2,1,0,0,0,0,0,1,5,1
"319",1,1,0,0,2,3,0,2,0,4,2
"320",1,1,0,1,1,5,1,2,0,4,2
"321",0,3,1,0,0,0,0,0,1,3,1
"322",0,3,1,0,0,0,0,0,1,3,1
"323",1,2,0,0,0,0,2,0,1,3,1
"324",1,2,0,1,1,0,0,2,0,3,1
"325",0,3,1,8,2,0,0,10,0,3,1
"326",1,1,0,0,0,3,1,0,1,4,2
"327",0,3,1,0,0,0,0,0,1,6,1
"328",1,2,0,0,0,4,0,0,1,4,1
"329",1,3,0,1,1,0,0,2,0,4,1
"330",1,1,0,0,1,2,1,1,0,2,1
"331",1,3,0,2,0,0,2,2,0,3,1
"332",0,1,1,0,0,3,0,0,1,4,1
"333",0,1,1,0,1,3,0,1,0,4,2
"334",0,3,1,2,0,0,0,2,0,2,1
"335",1,1,0,1,0,0,0,1,0,3,2
"336",0,3,1,0,0,0,0,0,1,3,1
"337",0,1,1,1,0,3,0,1,0,3,1
"338",1,1,0,0,0,5,1,0,1,4,2
"339",1,3,1,0,0,0,0,0,1,4,1
"340",0,1,1,0,0,8,0,0,1,4,1
"341",1,2,1,1,1,6,0,2,0,1,1
"342",1,1,0,3,2,3,0,5,0,3,4
"343",0,2,1,0,0,0,0,0,1,3,1
"344",0,2,1,0,0,0,0,0,1,3,1
"345",0,2,1,0,0,0,0,0,1,4,1
"346",1,2,0,0,0,6,0,0,1,3,1
"347",1,2,0,0,0,0,0,0,1,4,1
"348",1,3,0,1,0,0,0,1,0,3,1
"349",1,3,1,1,1,0,0,2,0,2,1
"350",0,3,1,0,0,0,0,0,1,4,1
"351",0,3,1,0,0,0,0,0,1,3,1
"352",0,1,1,0,0,3,0,0,1,3,1
"353",0,3,1,1,1,0,1,2,0,2,1
"354",0,3,1,1,0,0,0,1,0,3,1
"355",0,3,1,0,0,0,1,0,1,3,1
"356",0,3,1,0,0,0,0,0,1,3,1
"357",1,1,0,0,1,5,0,1,0,3,1
"358",0,2,0,0,0,0,0,0,1,4,1
"359",1,3,0,0,0,0,2,0,1,3,1
"360",1,3,0,0,0,0,2,0,1,3,1
"361",0,3,1,1,4,0,0,5,0,4,1
"362",0,2,1,1,0,0,1,1,0,3,1
"363",0,3,0,0,1,0,1,1,0,4,1
"364",0,3,1,0,0,0,0,0,1,4,1
"365",0,3,1,1,0,0,2,1,0,3,1
"366",0,3,1,0,0,0,0,0,1,3,1
"367",1,1,0,1,0,4,1,1,0,5,1
"368",1,3,0,0,0,0,1,0,1,3,1
"369",1,3,0,0,0,0,2,0,1,3,1
"370",1,1,0,0,0,2,1,0,1,3,1
"371",1,1,1,1,0,5,1,1,0,3,1
"372",0,3,1,1,0,0,0,1,0,3,1
"373",0,3,1,0,0,0,0,0,1,3,1
"374",0,1,1,0,0,0,1,0,1,3,2
"375",0,3,0,3,1,0,0,4,0,2,1
"376",1,1,0,1,0,0,1,1,0,3,1
"377",1,3,0,0,0,0,0,0,1,3,1
"378",0,1,1,0,2,3,1,2,0,3,3
"379",0,3,1,0,0,0,1,0,1,3,1
"380",0,3,1,0,0,0,0,0,1,3,1
"381",1,1,0,0,0,0,1,0,1,4,3
"382",1,3,0,0,2,0,1,2,0,1,1
"383",0,3,1,0,0,0,0,0,1,4,1
"384",1,1,0,1,0,0,0,1,0,4,1
"385",0,3,1,0,0,0,0,0,1,3,1
"386",0,2,1,0,0,0,0,0,1,3,1
"387",0,3,1,5,2,0,0,7,0,1,1
"388",1,2,0,0,0,0,0,0,1,4,1
"389",0,3,1,0,0,0,2,0,1,3,1
"390",1,2,0,0,0,0,1,0,1,3,1
"391",1,1,1,1,2,2,0,3,0,4,2
"392",1,3,1,0,0,0,0,0,1,3,1
"393",0,3,1,2,0,0,0,2,0,3,1
"394",1,1,0,1,0,4,1,1,0,3,2
"395",1,3,0,0,2,7,0,2,0,3,1
"396",0,3,1,0,0,0,0,0,1,3,1
"397",0,3,0,0,0,0,0,0,1,4,1
"398",0,2,1,0,0,0,0,0,1,5,1
"399",0,2,1,0,0,0,0,0,1,3,1
"400",1,2,0,0,0,0,0,0,1,3,1
"401",1,3,1,0,0,0,0,0,1,4,1
"402",0,3,1,0,0,0,0,0,1,3,1
"403",0,3,0,1,0,0,0,1,0,3,1
"404",0,3,1,1,0,0,0,1,0,3,1
"405",0,3,0,0,0,0,0,0,1,3,1
"406",0,2,1,1,0,0,0,1,0,4,1
"407",0,3,1,0,0,0,0,0,1,5,1
"408",1,2,1,1,1,0,0,2,0,2,1
"409",0,3,1,0,0,0,0,0,1,3,1
"410",0,3,0,3,1,0,0,4,0,3,1
"411",0,3,1,0,0,0,0,0,1,3,1
"412",0,3,1,0,0,0,2,0,1,3,1
"413",1,1,0,1,0,3,2,1,0,4,2
"414",0,2,1,0,0,0,0,0,1,3,1
"415",1,3,1,0,0,0,0,0,1,4,1
"416",0,3,0,0,0,0,0,0,1,3,1
"417",1,2,0,1,1,0,0,2,0,4,1
"418",1,2,0,0,2,0,0,2,0,3,1
"419",0,2,1,0,0,0,0,0,1,3,1
"420",0,3,0,0,2,0,0,2,0,2,1
"421",0,3,1,0,0,0,1,0,1,3,1
"422",0,3,1,0,0,0,2,0,1,3,1
"423",0,3,1,0,0,0,0,0,1,3,1
"424",0,3,0,1,1,0,0,2,0,3,1
"425",0,3,1,1,1,0,0,2,0,3,1
"426",0,3,1,0,0,0,0,0,1,3,1
"427",1,2,0,1,0,0,0,1,0,3,1
"428",1,2,0,0,0,0,0,0,1,3,1
"429",0,3,1,0,0,0,2,0,1,3,1
"430",1,3,1,0,0,5,0,0,1,4,1
"431",1,1,1,0,0,3,0,0,1,3,1
"432",1,3,0,1,0,0,0,1,0,3,1
"433",1,2,0,1,0,0,0,1,0,4,1
"434",0,3,1,0,0,0,0,0,1,3,1
"435",0,1,1,1,0,5,0,1,0,5,1
"436",1,1,0,1,2,2,0,3,0,2,2
"437",0,3,0,2,2,0,0,4,0,3,1
"438",1,2,0,2,3,0,0,5,0,3,1
"439",0,1,1,1,4,3,0,5,0,6,4
"440",0,2,1,0,0,0,0,0,1,4,1
"441",1,2,0,1,1,0,0,2,0,4,1
"442",0,3,1,0,0,0,0,0,1,3,1
"443",0,3,1,1,0,0,0,1,0,3,1
"444",1,2,0,0,0,0,0,0,1,3,1
"445",1,3,1,0,0,0,0,0,1,3,1
"446",1,1,1,0,2,1,0,2,0,2,1
"447",1,2,0,0,1,0,0,1,0,2,1
"448",1,1,1,0,0,0,0,0,1,4,1
"449",1,3,0,2,1,0,1,3,0,2,1
"450",1,1,1,0,0,3,0,0,1,5,1
"451",0,2,1,1,2,0,0,3,0,4,1
"452",0,3,1,1,0,0,0,1,0,3,1
"453",0,1,1,0,0,3,1,0,1,3,1
"454",1,1,1,1,0,3,1,1,0,5,2
"455",0,3,1,0,0,0,0,0,1,3,1
"456",1,3,1,0,0,0,1,0,1,3,1
"457",0,1,1,0,0,5,0,0,1,6,1
"458",1,1,0,1,0,4,0,1,0,3,1
"459",1,2,0,0,0,0,0,0,1,5,1
"460",0,3,1,0,0,0,2,0,1,3,1
"461",1,1,1,0,0,5,0,0,1,5,1
"462",0,3,1,0,0,0,0,0,1,4,1
"463",0,1,1,0,0,5,0,0,1,5,1
"464",0,2,1,0,0,0,0,0,1,5,1
"465",0,3,1,0,0,0,0,0,1,3,1
"466",0,3,1,0,0,0,0,0,1,4,1
"467",0,2,1,0,0,0,0,0,1,3,1
"468",0,1,1,0,0,0,0,0,1,5,1
"469",0,3,1,0,0,0,2,0,1,3,1
"470",1,3,0,2,1,0,1,3,0,1,1
"471",0,3,1,0,0,0,0,0,1,3,1
"472",0,3,1,0,0,0,0,0,1,4,1
"473",1,2,0,1,2,0,0,3,0,4,1
"474",1,2,0,0,0,4,1,0,1,3,1
"475",0,3,0,0,0,0,0,0,1,3,1
"476",0,1,1,0,0,1,0,0,1,3,1
"477",0,2,1,1,0,0,0,1,0,4,1
"478",0,3,1,1,0,0,0,1,0,3,1
"479",0,3,1,0,0,0,0,0,1,3,1
"480",1,3,0,0,1,0,0,1,0,1,1
"481",0,3,1,5,2,0,0,7,0,2,1
"482",0,2,1,0,0,0,0,0,1,3,1
"483",0,3,1,0,0,0,0,0,1,5,1
"484",1,3,0,0,0,0,0,0,1,6,1
"485",1,1,1,1,0,2,1,1,0,3,2
"486",0,3,0,3,1,0,0,4,0,3,1
"487",1,1,0,1,0,3,0,1,0,4,2
"488",0,1,1,0,0,2,1,0,1,5,1
"489",0,3,1,0,0,0,0,0,1,3,1
"490",1,3,1,1,1,0,0,2,0,2,1
"491",0,3,1,1,0,0,0,1,0,3,1
"492",0,3,1,0,0,0,0,0,1,3,1
"493",0,1,1,0,0,3,0,0,1,5,1
"494",0,1,1,0,0,0,1,0,1,6,1
"495",0,3,1,0,0,0,0,0,1,3,1
"496",0,3,1,0,0,0,1,0,1,3,1
"497",1,1,0,1,0,4,1,1,0,5,1
"498",0,3,1,0,0,0,0,0,1,3,1
"499",0,1,0,1,2,3,0,3,0,3,2
"500",0,3,1,0,0,0,0,0,1,3,1
"501",0,3,1,0,0,0,0,0,1,3,1
"502",0,3,0,0,0,0,2,0,1,3,1
"503",0,3,0,0,0,0,2,0,1,3,1
"504",0,3,0,0,0,0,0,0,1,4,1
"505",1,1,0,0,0,2,0,0,1,2,2
"506",0,1,1,1,0,3,1,1,0,3,2
"507",1,2,0,0,2,0,0,2,0,4,1
"508",1,1,1,0,0,0,0,0,1,3,1
"509",0,3,1,0,0,0,0,0,1,3,1
"510",1,3,1,0,0,0,0,0,1,3,1
"511",1,3,1,0,0,0,2,0,1,3,1
"512",0,3,1,0,0,0,0,0,1,3,1
"513",1,1,1,0,0,5,0,0,1,4,1
"514",1,1,0,1,0,0,1,1,0,5,1
"515",0,3,1,0,0,0,0,0,1,3,1
"516",0,1,1,0,0,4,0,0,1,5,1
"517",1,2,0,0,0,6,0,0,1,4,1
"518",0,3,1,0,0,0,2,0,1,3,1
"519",1,2,0,1,0,0,0,1,0,4,1
"520",0,3,1,0,0,0,0,0,1,4,1
"521",1,1,0,0,0,2,0,0,1,3,2
"522",0,3,1,0,0,0,0,0,1,3,1
"523",0,3,1,0,0,0,1,0,1,3,1
"524",1,1,0,0,1,2,1,1,0,4,1
"525",0,3,1,0,0,0,1,0,1,3,1
"526",0,3,1,0,0,0,2,0,1,4,1
"527",1,2,0,0,0,0,0,0,1,5,1
"528",0,1,1,0,0,3,0,0,1,3,3
"529",0,3,1,0,0,0,0,0,1,4,1
"530",0,2,1,2,1,0,0,3,0,3,1
"531",1,2,0,1,1,0,0,2,0,1,1
"532",0,3,1,0,0,0,1,0,1,3,1
"533",0,3,1,1,1,0,1,2,0,3,1
"534",1,3,0,0,2,0,1,2,0,3,1
"535",0,3,0,0,0,0,0,0,1,3,1
"536",1,2,0,0,2,0,0,2,0,2,1
"537",0,1,1,0,0,2,0,0,1,4,1
"538",1,1,0,0,0,0,1,0,1,3,2
"539",0,3,1,0,0,0,0,0,1,3,1
"540",1,1,0,0,2,2,1,2,0,3,1
"541",1,1,0,0,2,2,0,2,0,4,1
"542",0,3,0,4,2,0,0,6,0,2,1
"543",0,3,0,4,2,0,0,6,0,2,1
"544",1,2,1,1,0,0,0,1,0,4,1
"545",0,1,1,1,0,3,1,1,0,5,2
"546",0,1,1,0,0,0,0,0,1,6,1
"547",1,2,0,1,0,0,0,1,0,3,1
"548",1,2,1,0,0,0,1,0,1,3,1
"549",0,3,1,1,1,0,0,2,0,4,1
"550",1,2,1,1,1,0,0,2,0,2,1
"551",1,1,1,0,2,3,1,2,0,3,2
"552",0,2,1,0,0,0,0,0,1,3,1
"553",0,3,1,0,0,0,2,0,1,3,1
"554",1,3,1,0,0,0,1,0,1,3,1
"555",1,3,0,0,0,0,0,0,1,3,1
"556",0,1,1,0,0,0,0,0,1,6,1
"557",1,1,0,1,0,1,1,1,0,5,1
"558",0,1,1,0,0,0,1,0,1,3,3
"559",1,1,0,1,1,5,0,2,0,4,1
"560",1,3,0,1,0,0,0,1,0,4,1
"561",0,3,1,0,0,0,2,0,1,3,1
"562",0,3,1,0,0,0,0,0,1,4,1
"563",0,2,1,0,0,0,0,0,1,3,1
"564",0,3,1,0,0,0,0,0,1,3,1
"565",0,3,0,0,0,0,0,0,1,3,1
"566",0,3,1,2,0,0,0,2,0,3,1
"567",0,3,1,0,0,0,0,0,1,3,1
"568",0,3,0,0,4,0,0,4,0,3,1
"569",0,3,1,0,0,0,1,0,1,3,1
"570",1,3,1,0,0,0,0,0,1,4,1
"571",1,2,1,0,0,0,0,0,1,6,1
"572",1,1,0,2,0,3,0,2,0,5,1
"573",1,1,1,0,0,5,0,0,1,4,1
"574",1,3,0,0,0,0,2,0,1,3,1
"575",0,3,1,0,0,0,0,0,1,2,1
"576",0,3,1,0,0,0,0,0,1,3,1
"577",1,2,0,0,0,0,0,0,1,4,1
"578",1,1,0,1,0,5,0,1,0,4,1
"579",0,3,0,1,0,0,1,1,0,3,1
"580",1,3,1,0,0,0,0,0,1,4,1
"581",1,2,0,1,1,0,0,2,0,3,1
"582",1,1,0,1,1,3,1,2,0,4,2
"583",0,2,1,0,0,0,0,0,1,5,1
"584",0,1,1,0,0,1,1,0,1,4,1
"585",0,3,1,0,0,0,1,0,1,3,1
"586",1,1,0,0,2,5,0,2,0,3,1
"587",0,2,1,0,0,0,0,0,1,5,1
"588",1,1,1,1,1,2,1,2,0,5,1
"589",0,3,1,0,0,0,0,0,1,3,1
"590",0,3,1,0,0,0,0,0,1,3,1
"591",0,3,1,0,0,0,0,0,1,4,1
"592",1,1,0,1,0,4,1,1,0,5,1
"593",0,3,1,0,0,0,0,0,1,5,1
"594",0,3,0,0,2,0,2,2,0,3,1
"595",0,2,1,1,0,0,0,1,0,4,1
"596",0,3,1,1,1,0,0,2,0,4,1
"597",1,2,0,0,0,0,0,0,1,3,1
"598",0,3,1,0,0,0,0,0,1,5,1
"599",0,3,1,0,0,0,1,0,1,3,1
"600",1,1,1,1,0,1,1,1,0,5,1
"601",1,2,0,2,1,0,0,3,0,3,1
"602",0,3,1,0,0,0,0,0,1,3,1
"603",0,1,1,0,0,0,0,0,1,3,1
"604",0,3,1,0,0,0,0,0,1,4,1
"605",1,1,1,0,0,0,1,0,1,4,1
"606",0,3,1,1,0,0,0,1,0,4,1
"607",0,3,1,0,0,0,0,0,1,3,1
"608",1,1,1,0,0,0,0,0,1,3,1
"609",1,2,0,1,2,0,1,3,0,3,1
"610",1,1,0,0,0,3,0,0,1,4,2
"611",0,3,0,1,5,0,0,6,0,4,1
"612",0,3,1,0,0,0,0,0,1,3,1
"613",1,3,0,1,0,0,2,1,0,3,1
"614",0,3,1,0,0,0,2,0,1,3,1
"615",0,3,1,0,0,0,0,0,1,4,1
"616",1,2,0,1,2,0,0,3,0,3,1
"617",0,3,1,1,1,0,0,2,0,4,1
"618",0,3,0,1,0,0,0,1,0,3,1
"619",1,2,0,2,1,6,0,3,0,2,1
"620",0,2,1,0,0,0,0,0,1,3,1
"621",0,3,1,1,0,0,1,1,0,3,1
"622",1,1,1,1,0,4,0,1,0,4,1
"623",1,3,1,1,1,0,1,2,0,3,1
"624",0,3,1,0,0,0,0,0,1,3,1
"625",0,3,1,0,0,0,0,0,1,3,1
"626",0,1,1,0,0,4,0,0,1,6,1
"627",0,2,1,0,0,0,2,0,1,5,1
"628",1,1,0,0,0,4,0,0,1,3,1
"629",0,3,1,0,0,0,0,0,1,3,1
"630",0,3,1,0,0,0,2,0,1,3,1
"631",1,1,1,0,0,1,0,0,1,6,1
"632",0,3,1,0,0,0,0,0,1,5,1
"633",1,1,1,0,0,2,1,0,1,4,1
"634",0,1,1,0,0,0,0,0,1,3,1
"635",0,3,0,3,2,0,0,5,0,2,1
"636",1,2,0,0,0,0,0,0,1,3,1
"637",0,3,1,0,0,0,0,0,1,4,1
"638",0,2,1,1,1,0,0,2,0,4,1
"639",0,3,0,0,5,0,0,5,0,4,1
"640",0,3,1,1,0,0,0,1,0,3,1
"641",0,3,1,0,0,0,0,0,1,3,1
"642",1,1,0,0,0,2,1,0,1,3,1
"643",0,3,0,3,2,0,0,5,0,1,1
"644",1,3,1,0,0,0,0,0,1,3,1
"645",1,3,0,2,1,0,1,3,0,1,1
"646",1,1,1,1,0,4,1,1,0,5,1
"647",0,3,1,0,0,0,0,0,1,3,1
"648",1,1,1,0,0,1,1,0,1,5,1
"649",0,3,1,0,0,0,0,0,1,3,1
"650",1,3,0,0,0,0,0,0,1,3,1
"651",0,3,1,0,0,0,0,0,1,3,1
"652",1,2,0,0,1,0,0,1,0,3,1
"653",0,3,1,0,0,0,0,0,1,3,1
"654",1,3,0,0,0,0,2,0,1,3,1
"655",0,3,0,0,0,0,2,0,1,3,1
"656",0,2,1,2,0,0,0,2,0,3,1
"657",0,3,1,0,0,0,0,0,1,3,1
"658",0,3,0,1,1,0,2,2,0,4,1
"659",0,2,1,0,0,0,0,0,1,3,1
"660",0,1,1,0,2,4,1,2,0,5,2
"661",1,1,1,2,0,0,0,2,0,5,2
"662",0,3,1,0,0,0,1,0,1,4,1
"663",0,1,1,0,0,5,0,0,1,5,1
"664",0,3,1,0,0,0,0,0,1,4,1
"665",1,3,1,1,0,0,0,1,0,3,1
"666",0,2,1,2,0,0,0,2,0,4,1
"667",0,2,1,0,0,0,0,0,1,3,1
"668",0,3,1,0,0,0,0,0,1,3,1
"669",0,3,1,0,0,0,0,0,1,4,1
"670",1,1,0,1,0,3,0,1,0,3,1
"671",1,2,0,1,1,0,0,2,0,4,1
"672",0,1,1,1,0,2,0,1,0,4,1
"673",0,2,1,0,0,0,0,0,1,6,1
"674",1,2,1,0,0,0,0,0,1,4,1
"675",0,2,1,0,0,0,0,0,1,3,1
"676",0,3,1,0,0,0,0,0,1,3,1
"677",0,3,1,0,0,0,0,0,1,3,1
"678",1,3,0,0,0,0,0,0,1,3,1
"679",0,3,0,1,6,0,0,7,0,4,1
"680",1,1,1,0,1,2,1,1,0,4,6
"681",0,3,0,0,0,0,2,0,1,3,1
"682",1,1,1,0,0,4,1,0,1,3,1
"683",0,3,1,0,0,0,0,0,1,3,1
"684",0,3,1,5,2,0,0,7,0,2,1
"685",0,2,1,1,1,0,0,2,0,5,1
"686",0,2,1,1,2,0,1,3,0,3,1
"687",0,3,1,4,1,0,0,5,0,2,1
"688",0,3,1,0,0,0,0,0,1,3,1
"689",0,3,1,0,0,0,0,0,1,3,1
"690",1,1,0,0,1,2,0,1,0,2,3
"691",1,1,1,1,0,2,0,1,0,4,1
"692",1,3,0,0,1,0,1,1,0,2,1
"693",1,3,1,0,0,0,0,0,1,3,1
"694",0,3,1,0,0,0,1,0,1,3,1
"695",0,1,1,0,0,0,0,0,1,5,1
"696",0,2,1,0,0,0,0,0,1,5,1
"697",0,3,1,0,0,0,0,0,1,4,1
"698",1,3,0,0,0,0,2,0,1,3,1
"699",0,1,1,1,1,3,1,2,0,5,2
"700",0,3,1,0,0,6,0,0,1,4,1
"701",1,1,0,1,0,3,1,1,0,3,3
"702",1,1,1,0,0,5,0,0,1,4,1
"703",0,3,0,0,1,0,1,1,0,3,1
"704",0,3,1,0,0,0,2,0,1,3,1
"705",0,3,1,1,0,0,0,1,0,3,1
"706",0,2,1,0,0,0,0,0,1,4,1
"707",1,2,0,0,0,0,0,0,1,4,1
"708",1,1,1,0,0,5,0,0,1,4,1
"709",1,1,0,0,0,0,0,0,1,3,2
"710",1,3,1,1,1,0,1,2,0,3,1
"711",1,1,0,0,0,3,1,0,1,3,1
"712",0,1,1,0,0,3,0,0,1,3,1
"713",1,1,1,1,0,3,0,1,0,5,1
"714",0,3,1,0,0,0,0,0,1,3,1
"715",0,2,1,0,0,0,0,0,1,5,1
"716",0,3,1,0,0,6,0,0,1,3,1
"717",1,1,0,0,0,3,1,0,1,4,3
"718",1,2,0,0,0,5,0,0,1,3,1
"719",0,3,1,0,0,0,2,0,1,3,1
"720",0,3,1,0,0,0,0,0,1,4,1
"721",1,2,0,0,1,0,0,1,0,2,1
"722",0,3,1,1,0,0,0,1,0,3,1
"723",0,2,1,0,0,0,0,0,1,4,1
"724",0,2,1,0,0,0,0,0,1,5,1
"725",1,1,1,1,0,5,0,1,0,3,1
"726",0,3,1,0,0,0,0,0,1,3,1
"727",1,2,0,3,0,0,0,3,0,3,1
"728",1,3,0,0,0,0,2,0,1,3,1
"729",0,2,1,1,0,0,0,1,0,3,1
"730",0,3,0,1,0,0,0,1,0,3,1
"731",1,1,0,0,0,2,0,0,1,3,3
"732",0,3,1,0,0,0,1,0,1,2,1
"733",0,2,1,0,0,0,0,0,1,3,1
"734",0,2,1,0,0,0,0,0,1,3,1
"735",0,2,1,0,0,0,0,0,1,3,1
"736",0,3,1,0,0,0,0,0,1,3,1
"737",0,3,0,1,3,0,0,4,0,5,1
"738",1,1,1,0,0,2,1,0,1,4,6
"739",0,3,1,0,0,0,0,0,1,3,1
"740",0,3,1,0,0,0,0,0,1,3,1
"741",1,1,1,0,0,4,0,0,1,3,1
"742",0,1,1,1,0,3,0,1,0,4,1
"743",1,1,0,2,2,2,1,4,0,3,4
"744",0,3,1,1,0,0,0,1,0,3,1
"745",1,3,1,0,0,0,0,0,1,4,1
"746",0,1,1,1,1,2,0,2,0,6,1
"747",0,3,1,1,1,0,0,2,0,2,1
"748",1,2,0,0,0,0,0,0,1,3,1
"749",0,1,1,1,0,4,0,1,0,3,1
"750",0,3,1,0,0,0,2,0,1,4,1
"751",1,2,0,1,1,0,0,2,0,2,1
"752",1,3,1,0,1,5,0,1,0,2,1
"753",0,3,1,0,0,0,0,0,1,4,1
"754",0,3,1,0,0,0,0,0,1,3,1
"755",1,2,0,1,2,0,0,3,0,5,1
"756",1,2,1,1,1,0,0,2,0,1,1
"757",0,3,1,0,0,0,0,0,1,3,1
"758",0,2,1,0,0,0,0,0,1,3,1
"759",0,3,1,0,0,0,0,0,1,4,1
"760",1,1,0,0,0,2,0,0,1,4,2
"761",0,3,1,0,0,0,0,0,1,3,1
"762",0,3,1,0,0,0,0,0,1,4,1
"763",1,3,1,0,0,0,1,0,1,3,1
"764",1,1,0,1,2,2,0,3,0,4,2
"765",0,3,1,0,0,0,0,0,1,2,1
"766",1,1,0,1,0,4,0,1,0,5,1
"767",0,1,1,0,0,0,1,0,1,3,1
"768",0,3,0,0,0,0,2,0,1,3,1
"769",0,3,1,1,0,0,2,1,0,3,1
"770",0,3,1,0,0,0,0,0,1,4,1
"771",0,3,1,0,0,0,0,0,1,3,1
"772",0,3,1,0,0,0,0,0,1,5,1
"773",0,2,0,0,0,5,0,0,1,5,1
"774",0,3,1,0,0,0,1,0,1,3,1
"775",1,2,0,1,3,0,0,4,0,5,1
"776",0,3,1,0,0,0,0,0,1,3,1
"777",0,3,1,0,0,6,2,0,1,3,1
"778",1,3,0,0,0,0,0,0,1,2,1
"779",0,3,1,0,0,0,2,0,1,3,1
"780",1,1,0,0,1,2,0,1,0,4,3
"781",1,3,0,0,0,0,1,0,1,2,1
"782",1,1,0,1,0,2,0,1,0,3,1
"783",0,1,1,0,0,4,0,0,1,3,1
"784",0,3,1,1,2,0,0,3,0,3,1
"785",0,3,1,0,0,0,0,0,1,3,1
"786",0,3,1,0,0,0,0,0,1,3,1
"787",1,3,0,0,0,0,0,0,1,3,1
"788",0,3,1,4,1,0,2,5,0,2,1
"789",1,3,1,1,2,0,0,3,0,1,1
"790",0,1,1,0,0,2,1,0,1,5,1
"791",0,3,1,0,0,0,2,0,1,3,1
"792",0,2,1,0,0,0,0,0,1,2,1
"793",0,3,0,8,2,0,0,10,0,3,1
"794",0,1,1,0,0,0,1,0,1,3,1
"795",0,3,1,0,0,0,0,0,1,3,1
"796",0,2,1,0,0,0,0,0,1,4,1
"797",1,1,0,0,0,4,0,0,1,5,1
"798",1,3,0,0,0,0,0,0,1,4,1
"799",0,3,1,0,0,0,1,0,1,3,1
"800",0,3,0,1,1,0,0,2,0,3,1
"801",0,2,1,0,0,0,0,0,1,4,1
"802",1,2,0,1,1,0,0,2,0,4,1
"803",1,1,1,1,2,2,0,3,0,2,2
"804",1,3,1,0,1,0,1,1,0,1,1
"805",1,3,1,0,0,0,0,0,1,3,1
"806",0,3,1,0,0,0,0,0,1,4,1
"807",0,1,1,0,0,1,0,0,1,4,1
"808",0,3,0,0,0,0,0,0,1,3,1
"809",0,2,1,0,0,0,0,0,1,4,1
"810",1,1,0,1,0,5,0,1,0,4,1
"811",0,3,1,0,0,0,0,0,1,3,1
"812",0,3,1,0,0,0,0,0,1,4,1
"813",0,2,1,0,0,0,0,0,1,4,1
"814",0,3,0,4,2,0,0,6,0,2,1
"815",0,3,1,0,0,0,0,0,1,3,1
"816",0,1,1,0,0,2,0,0,1,3,1
"817",0,3,0,0,0,0,0,0,1,3,1
"818",0,2,1,1,1,0,1,2,0,4,1
"819",0,3,1,0,0,0,0,0,1,4,1
"820",0,3,1,3,2,0,0,5,0,2,1
"821",1,1,0,1,1,2,0,2,0,5,2
"822",1,3,1,0,0,0,0,0,1,3,1
"823",0,1,1,0,0,0,0,0,1,4,1
"824",1,3,0,0,1,5,0,1,0,3,1
"825",0,3,1,4,1,0,0,5,0,1,1
"826",0,3,1,0,0,0,2,0,1,3,1
"827",0,3,1,0,0,0,0,0,1,3,1
"828",1,2,1,0,2,0,1,2,0,1,1
"829",1,3,1,0,0,0,2,0,1,3,1
"830",1,1,0,0,0,2,0,0,1,6,1
"831",1,3,0,1,0,0,1,1,0,2,1
"832",1,2,1,1,1,0,0,2,0,1,1
"833",0,3,1,0,0,0,1,0,1,3,1
"834",0,3,1,0,0,0,0,0,1,3,1
"835",0,3,1,0,0,0,0,0,1,3,1
"836",1,1,0,1,1,5,1,2,0,4,1
"837",0,3,1,0,0,0,0,0,1,3,1
"838",0,3,1,0,0,0,0,0,1,3,1
"839",1,3,1,0,0,0,0,0,1,4,1
"840",1,1,1,0,0,3,1,0,1,3,1
"841",0,3,1,0,0,0,0,0,1,3,1
"842",0,2,1,0,0,0,0,0,1,2,1
"843",1,1,0,0,0,0,1,0,1,3,1
"844",0,3,1,0,0,0,1,0,1,4,1
"845",0,3,1,0,0,0,0,0,1,3,1
"846",0,3,1,0,0,0,0,0,1,4,1
"847",0,3,1,8,2,0,0,10,0,3,1
"848",0,3,1,0,0,0,1,0,1,4,1
"849",0,2,1,0,1,0,0,1,0,3,1
"850",1,1,0,1,0,3,1,1,0,3,2
"851",0,3,1,4,2,0,0,6,0,2,1
"852",0,3,1,0,0,0,0,0,1,6,1
"853",0,3,0,1,1,0,1,2,0,2,1
"854",1,1,0,0,1,4,0,1,0,2,1
"855",0,2,0,1,0,0,0,1,0,4,1
"856",1,3,0,0,1,0,0,1,0,3,1
"857",1,1,0,1,1,0,0,2,0,4,2
"858",1,1,1,0,0,5,0,0,1,5,1
"859",1,3,0,0,3,0,1,3,0,3,1
"860",0,3,1,0,0,0,1,0,1,3,1
"861",0,3,1,2,0,0,0,2,0,4,1
"862",0,2,1,1,0,0,0,1,0,3,1
"863",1,1,0,0,0,4,0,0,1,5,1
"864",0,3,0,8,2,0,0,10,0,3,1
"865",0,2,1,0,0,0,0,0,1,3,1
"866",1,2,0,0,0,0,0,0,1,4,1
"867",1,2,0,1,0,0,1,1,0,3,1
"868",0,1,1,0,0,1,0,0,1,4,1
"869",0,3,1,0,0,0,0,0,1,3,1
"870",1,3,1,1,1,0,0,2,0,2,1
"871",0,3,1,0,0,0,0,0,1,3,1
"872",1,1,0,1,1,4,0,2,0,5,1
"873",0,1,1,0,0,2,0,0,1,4,1
"874",0,3,1,0,0,0,0,0,1,5,1
"875",1,2,0,1,0,0,1,1,0,3,1
"876",1,3,0,0,0,0,1,0,1,2,1
"877",0,3,1,0,0,0,0,0,1,3,1
"878",0,3,1,0,0,0,0,0,1,3,1
"879",0,3,1,0,0,0,0,0,1,3,1
"880",1,1,0,0,1,3,1,1,0,5,1
"881",1,2,0,0,1,0,0,1,0,3,1
"882",0,3,1,0,0,0,0,0,1,4,1
"883",0,3,0,0,0,0,0,0,1,3,1
"884",0,2,1,0,0,0,0,0,1,3,1
"885",0,3,1,0,0,0,0,0,1,3,1
"886",0,3,0,0,5,0,2,5,0,4,1
"887",0,2,1,0,0,0,0,0,1,3,1
"888",1,1,0,0,0,2,0,0,1,3,1
"889",0,3,0,1,2,0,0,3,0,3,1
"890",1,1,1,0,0,3,1,0,1,3,1
"891",0,3,1,0,0,0,2,0,1,4,1
